R Values Closest to 1,Text Instances
1.0170981352199624,. call dear
1.0441124738285428,. reply glad
0.9297658433847519,. . tell return re order
